"Exp","HMI","VPNr","TC10_comment","TC10_valid","TC10_EB_triggered","TC10_lvl_notification","TC10_lvl_end","TC10_TimeToL0","TC10_nth_gaze_to_ic","TC10_n_gazes_till_EB_or_TO","TC10_ic_glance_allocation_time","TC10_ic_glance_at_start","TC10_ic_n_glances_after_start","TC10_ic_total_duration","TC10_ic_mean_duration","TC10_ic_max_duration","TC10_ic_1st_glance_duration_incl_start","TC10_ic_1st_glance_duration_without_start","TC10_street_glance_at_start","TC10_street_n_glances_after_start","TC10_street_total_duration","TC10_street_mean_duration","TC10_street_max_duration","TC10_street_1st_glance_duration_incl_start","TC10_street_1st_glance_duration_without_start","TC10_surt_glance_at_start","TC10_surt_n_glances_after_start","TC10_surt_total_duration","TC10_surt_mean_duration","TC10_surt_max_duration","TC10_surt_1st_glance_duration_incl_start","TC10_surt_1st_glance_duration_without_start","TC10_wheel_glance_at_start","TC10_wheel_n_glances_after_start","TC10_wheel_total_duration","TC10_wheel_mean_duration","TC10_wheel_max_duration","TC10_wheel_1st_glance_duration_incl_start","TC10_wheel_1st_glance_duration_without_start","TC12_comment","TC12_valid","TC12_EB_triggered","TC12_lvl_notification","TC12_lvl_end","TC12_TimeToL0","TC12_nth_gaze_to_ic","TC12_n_gazes_till_EB_or_TO","TC12_ic_glance_allocation_time","TC12_ic_glance_at_start","TC12_ic_n_glances_after_start","TC12_ic_total_duration","TC12_ic_mean_duration","TC12_ic_max_duration","TC12_ic_1st_glance_duration_incl_start","TC12_ic_1st_glance_duration_without_start","TC12_street_glance_at_start","TC12_street_n_glances_after_start","TC12_street_total_duration","TC12_street_mean_duration","TC12_street_max_duration","TC12_street_1st_glance_duration_incl_start","TC12_street_1st_glance_duration_without_start","TC12_surt_glance_at_start","TC12_surt_n_glances_after_start","TC12_surt_total_duration","TC12_surt_mean_duration","TC12_surt_max_duration","TC12_surt_1st_glance_duration_incl_start","TC12_surt_1st_glance_duration_without_start","TC12_wheel_glance_at_start","TC12_wheel_n_glances_after_start","TC12_wheel_total_duration","TC12_wheel_mean_duration","TC12_wheel_max_duration","TC12_wheel_1st_glance_duration_incl_start","TC12_wheel_1st_glance_duration_without_start"
1,"HC",1,"",1,0,3,0,16.2166666,1,12,0.47,0,6,10.32,1.72,3.2,3.2,3.2,0,1,0.26,0.26,0.26,0.26,0.26,1,1,0.47,0.47,0.47,0.47,NA,0,5,5.17,1.03,3.48,0.52,0.52,"",1,0,3,0,2.9166666,1,3,0.24,0,2,2.297,1.148,1.75,1.75,1.75,0,1,0.38,0.38,0.38,0.38,0.38,1,1,0.24,0.24,0.24,0.24,NA,0,0,0,NA,0,NA,NA
1,"HC",2,"",1,1,3,0,22.9166531,1,12,4.4,0,6,7.12,1.187,2.56,0.31,0.31,0,4,7.42,1.855,5.95,0.39,0.39,1,3,5.46,1.82,4.4,4.4,0.38,0,0,0,NA,0,NA,NA,"",1,1,3,0,9.8333324,1,5,0.88,0,3,4.21,1.403,1.55,1.55,1.55,0,2,0.91,0.455,0.59,0.32,0.32,1,1,0.88,0.88,0.88,0.88,NA,0,0,0,NA,0,NA,NA
1,"HC",3,"",1,0,3,0,10.3666653,1,5,0.62,0,3,8.647,2.882,7.67,7.67,7.67,0,1,0.4,0.4,0.4,0.4,0.4,1,1,0.62,0.62,0.62,0.62,NA,0,1,0.7,0.7,0.7,0.7,0.7,"",1,1,3,0,7.5666658,1,3,0.8,0,2,4.21,2.105,3.59,3.59,3.59,0,1,0.99,0.99,0.99,0.99,0.99,1,1,0.8,0.8,0.8,0.8,NA,0,0,0,NA,0,NA,NA
1,"HC",4,"",1,0,3,0,9.9333375,1,6,0.71,0,3,7.563,2.521,4.15,3.36,3.36,0,1,0.78,0.78,0.78,0.78,0.78,1,1,0.71,0.71,0.71,0.71,NA,0,2,0.88,0.44,0.63,0.63,0.63,"",1,0,3,0,2.6333313,0,5,NA,1,3,1.553,0.518,1.05,0.2,1.05,0,2,0.69,0.345,0.56,0.13,0.13,0,0,0,NA,0,NA,NA,0,1,0.39,0.39,0.39,0.39,0.39
1,"HC",5,"",1,0,3,0,9.8500078,0,7,NA,1,3,6.92,2.307,3.5,3.11,3.5,0,3,1.72,0.573,1.23,0.15,0.15,0,0,0,NA,0,NA,NA,0,2,1.21,0.61,0.92,0.92,0.92,"",1,0,3,0,3.0499886,1,1,0.23,0,1,2.82,2.82,2.82,2.82,2.82,1,1,0.23,0.23,0.23,0.23,NA,0,0,0,NA,0,NA,NA,0,0,0,NA,0,NA,NA
1,"HC",6,"",1,0,3,0,18.9833156,1,11,8.101,0,6,7.352,1.225,3.649,3.649,3.649,0,3,1.82,0.607,0.8,0.55,0.55,1,1,8.101,8.101,8.101,8.101,NA,0,2,1.71,0.85,1.24,1.24,1.24,"",1,0,3,0,3.2499981,1,3,0.82,0,2,1.73,0.865,1.39,1.39,1.39,0,0,0,NA,0,NA,NA,1,1,0.82,0.82,0.82,0.82,NA,0,1,0.7,0.7,0.7,0.7,0.7
1,"HC",7,"",1,0,3,0,17.7166673,1,8,0.37,0,4,14.387,3.597,8.09,8.09,8.09,0,1,1.02,1.02,1.02,1.02,1.02,1,2,0.96,0.48,0.59,0.37,0.59,0,2,1.35,0.68,0.9,0.9,0.9,"",1,0,3,0,4.2500002,1,5,0.92,0,3,2.63,0.877,1.9,1.9,1.9,0,1,0.29,0.29,0.29,0.29,0.29,1,1,0.92,0.92,0.92,0.92,NA,0,1,0.41,0.41,0.41,0.41,0.41
1,"HC",8,"",1,1,3,0,21.8333308,2,12,8.82,0,6,6.87,1.145,2.34,0.85,0.85,0,5,4.31,0.862,1.33,0.53,0.53,1,1,8.68,8.68,8.68,8.68,NA,0,1,0.14,0.14,0.14,0.14,0.14,"",1,1,3,0,8.3500006,1,3,0.89,0,2,4.3,2.15,3.36,0.94,0.94,0,1,0.81,0.81,0.81,0.81,0.81,1,1,0.89,0.89,0.89,0.89,NA,0,0,0,NA,0,NA,NA
1,"HC",9,"",1,0,3,0,18.216677,1,12,8.29,0,6,8.28,1.38,4.44,4.44,4.44,0,4,0.96,0.24,0.48,0.07,0.07,1,1,8.29,8.29,8.29,8.29,NA,0,2,0.69,0.34,0.48,0.21,0.21,"",1,1,3,0,6.9166672,1,7,0.22,0,4,4.43,1.107,2.08,0.9,0.9,0,3,1.35,0.45,0.74,0.49,0.49,1,1,0.22,0.22,0.22,0.22,NA,0,0,0,NA,0,NA,NA
1,"HC",10,"",1,0,3,0,9.3166647,1,5,0.59,0,3,7.407,2.469,2.53,2.53,2.53,0,0,0,NA,0,NA,NA,1,2,1.54,0.77,0.95,0.59,0.95,0,1,0.37,0.37,0.37,0.37,0.37,"",1,0,3,0,4.6500006,1,3,0.81,0,2,3.37,1.685,2.86,2.86,2.86,0,0,0,NA,0,NA,NA,1,1,0.81,0.81,0.81,0.81,NA,0,1,0.47,0.47,0.47,0.47,0.47
1,"HC",11,"",1,0,3,0,7.5499964,1,7,3.13,0,4,3.04,0.76,2.31,2.31,2.31,0,1,0.31,0.31,0.31,0.31,0.31,1,1,3.13,3.13,3.13,3.13,NA,0,2,1.07,0.53,0.61,0.46,0.46,"",1,1,3,0,7.3666603,1,5,0.75,0,3,3.88,1.293,2.13,1.19,1.19,0,1,0.73,0.73,0.73,0.73,0.73,1,1,0.75,0.75,0.75,0.75,NA,0,1,0.64,0.64,0.64,0.64,0.64
1,"HC",12,"",1,0,3,0,19.3499979,1,12,0.5,0,6,11.68,1.947,3.72,2.71,2.71,0,0,0,NA,0,NA,NA,1,5,6.52,1.304,2.04,0.5,1.41,0,2,1.15,0.57,0.72,0.43,0.43,"",1,0,3,0,3.6499987,1,3,0.78,0,2,2.41,1.205,2.19,2.19,2.19,0,0,0,NA,0,NA,NA,1,1,0.78,0.78,0.78,0.78,NA,0,1,0.46,0.46,0.46,0.46,0.46
1,"HC",13,"",1,0,3,0,19.5666669,2,12,3.47,0,6,11.927,1.988,3.57,3.33,3.33,0,3,1.65,0.55,0.73,0.54,0.54,1,1,2.93,2.93,2.93,2.93,NA,0,3,3.06,1.02,1.55,1.55,1.55,"",1,0,3,0,4.9499984,1,3,0.99,0,2,2.84,1.42,2.18,2.18,2.18,0,0,0,NA,0,NA,NA,1,1,0.99,0.99,0.99,0.99,NA,0,1,1.12,1.12,1.12,1.12,1.12
1,"HC",14,"kein ET",0,NA,NA,NA,NA,NA,NA,NA,NA,NA,NA,NA,NA,NA,NA,NA,NA,NA,NA,NA,NA,NA,NA,NA,NA,NA,NA,NA,NA,NA,NA,NA,NA,NA,NA,NA,"kein ET",0,NA,NA,NA,NA,NA,NA,NA,NA,NA,NA,NA,NA,NA,NA,NA,NA,NA,NA,NA,NA,NA,NA,NA,NA,NA,NA,NA,NA,NA,NA,NA,NA,NA,NA,NA
1,"HC",15,"kein ET",0,NA,NA,NA,NA,NA,NA,NA,NA,NA,NA,NA,NA,NA,NA,NA,NA,NA,NA,NA,NA,NA,NA,NA,NA,NA,NA,NA,NA,NA,NA,NA,NA,NA,NA,NA,"kein ET",0,NA,NA,NA,NA,NA,NA,NA,NA,NA,NA,NA,NA,NA,NA,NA,NA,NA,NA,NA,NA,NA,NA,NA,NA,NA,NA,NA,NA,NA,NA,NA,NA,NA,NA,NA
1,"HC",16,"kein ET",0,NA,NA,NA,NA,NA,NA,NA,NA,NA,NA,NA,NA,NA,NA,NA,NA,NA,NA,NA,NA,NA,NA,NA,NA,NA,NA,NA,NA,NA,NA,NA,NA,NA,NA,NA,"kein ET",0,NA,NA,NA,NA,NA,NA,NA,NA,NA,NA,NA,NA,NA,NA,NA,NA,NA,NA,NA,NA,NA,NA,NA,NA,NA,NA,NA,NA,NA,NA,NA,NA,NA,NA,NA
1,"HC",17,"",1,0,3,0,8.9833343,1,5,2.44,0,3,5.473,1.824,2.7,2.32,2.32,0,0,0,NA,0,NA,NA,1,1,2.44,2.44,2.44,2.44,NA,0,2,1.07,0.54,0.73,0.73,0.73,"",1,0,3,0,2.466665,1,3,0.53,0,2,1.407,0.703,1.09,1.09,1.09,0,0,0,NA,0,NA,NA,1,1,0.53,0.53,0.53,0.53,NA,0,1,0.53,0.53,0.53,0.53,0.53
1,"HC",18,"",1,0,3,0,13.6166651,1,7,8.69,0,4,3.787,0.947,1.44,0.52,0.52,0,2,0.99,0.495,0.63,0.36,0.36,1,1,8.69,8.69,8.69,8.69,NA,0,1,0.15,0.15,0.15,0.15,0.15,"",1,0,3,0,3.0999956,1,7,0.912,0,3,0.858,0.286,0.658,0.658,0.658,0,2,0.59,0.295,0.54,0.54,0.54,1,1,0.912,0.912,0.912,0.912,NA,0,2,0.74,0.37,0.54,0.54,0.54
1,"HC",19,"",1,1,3,0,22.8999927,1,10,0.56,0,5,13.38,2.676,4.32,3.93,3.93,0,4,4.87,1.217,1.65,0.9,0.9,1,1,0.56,0.56,0.56,0.56,NA,0,1,1.19,1.19,1.19,1.19,1.19,"",1,1,3,0,7.6666692,1,3,0.47,0,2,4.08,2.04,3.38,3.38,3.38,0,1,1.45,1.45,1.45,1.45,1.45,1,1,0.47,0.47,0.47,0.47,NA,0,0,0,NA,0,NA,NA
1,"HC",20,"",1,1,3,0,25.5666668,1,5,7.55,0,3,11.32,3.773,7.09,7.09,7.09,0,2,1.13,0.565,0.72,0.72,0.72,1,1,7.55,7.55,7.55,7.55,NA,0,0,0,NA,0,NA,NA,"",1,0,3,0,1.8500015,1,2,0.63,0,1,1.02,1.02,1.02,1.02,1.02,0,1,0.2,0.2,0.2,0.2,0.2,1,1,0.63,0.63,0.63,0.63,NA,0,0,0,NA,0,NA,NA
1,"HC",21,"",1,0,3,0,9.5666666,1,8,0.58,0,4,5.577,1.394,2.41,2.41,2.41,0,3,2.42,0.807,1.29,1.29,1.29,1,2,1.57,0.785,0.99,0.58,0.99,0,0,0,NA,0,NA,NA,"",1,0,3,0,3.2166672,1,4,0.62,0,2,1.997,0.998,1.71,1.71,1.71,0,1,0.19,0.19,0.19,0.19,0.19,1,1,0.62,0.62,0.62,0.62,NA,0,1,0.41,0.41,0.41,0.41,0.41
1,"HC",22,"",1,0,3,0,10.766667,1,7,0.41,0,4,8.727,2.182,3.32,3.16,3.16,0,2,0.68,0.34,0.41,0.27,0.27,1,1,0.41,0.41,0.41,0.41,NA,0,1,0.95,0.95,0.95,0.95,0.95,"",1,0,3,0,2.6833317,1,3,0.34,0,2,1.763,0.882,1.34,1.34,1.34,0,0,0,NA,0,NA,NA,1,1,0.34,0.34,0.34,0.34,NA,0,1,0.58,0.58,0.58,0.58,0.58
1,"HC",23,"",1,0,3,0,17.8166658,1,12,8.41,0,6,6.58,1.097,2.52,1.56,1.56,0,4,1.9,0.475,0.7,0.7,0.7,1,1,8.41,8.41,8.41,8.41,NA,0,2,0.93,0.46,0.74,0.19,0.19,"",1,0,3,0,2.2166666,1,3,0.69,0,1,0.8,0.8,0.8,0.8,0.8,0,1,0.147,0.147,0.147,0.147,0.147,1,1,0.69,0.69,0.69,0.69,NA,0,1,0.58,0.58,0.58,0.58,0.58
1,"HC",24,"",1,0,3,0,16.1833334,4,10,5.95,0,4,7.853,1.963,4.1,4.1,4.1,1,5,3.2,0.64,1.52,0.32,0.5,0,2,5.13,2.565,3.31,3.31,3.31,0,0,0,NA,0,NA,NA,"",1,1,3,0,9.133331,1,6,0.51,0,3,3.83,1.277,2.35,2.35,2.35,0,2,1.25,0.625,0.8,0.45,0.45,1,2,0.92,0.46,0.51,0.51,0.41,0,0,0,NA,0,NA,NA
1,"HC",25,"",1,0,3,0,7.4166659,2,6,2.53,0,3,3.697,1.232,2.3,2.3,2.3,1,2,0.69,0.345,0.44,0.25,0.44,0,1,2.28,2.28,2.28,2.28,2.28,0,1,0.75,0.75,0.75,0.75,0.75,"",1,1,3,0,7.4333353,1,5,0.08,0,3,5.19,1.73,3.03,0.09,0.09,0,1,0.34,0.34,0.34,0.34,0.34,1,2,0.47,0.235,0.39,0.08,0.39,0,0,0,NA,0,NA,NA
1,"HC",26,"kein ET",0,NA,NA,NA,NA,NA,NA,NA,NA,NA,NA,NA,NA,NA,NA,NA,NA,NA,NA,NA,NA,NA,NA,NA,NA,NA,NA,NA,NA,NA,NA,NA,NA,NA,NA,NA,"kein ET",0,NA,NA,NA,NA,NA,NA,NA,NA,NA,NA,NA,NA,NA,NA,NA,NA,NA,NA,NA,NA,NA,NA,NA,NA,NA,NA,NA,NA,NA,NA,NA,NA,NA,NA,NA
1,"LC",51,"",1,0,3,0,4.9166676,1,3,0.61,0,2,3.757,1.878,3.05,3.05,3.05,0,0,0,NA,0,NA,NA,1,1,0.61,0.61,0.61,0.61,NA,0,1,0.55,0.55,0.55,0.55,0.55,"sieht den Fehler nicht schaut immer kurz hin. schaut bei Übersteuern bereits auf street",1,1,3,0,8.2999947,1,11,0.04,0,6,5.85,0.975,5.71,0.06,0.06,0,0,0,NA,0,NA,NA,1,6,0.15,0.025,0.04,0.04,0.02,0,0,0,NA,0,NA,NA
1,"LC",52,"kein ET",0,NA,NA,NA,NA,NA,NA,NA,NA,NA,NA,NA,NA,NA,NA,NA,NA,NA,NA,NA,NA,NA,NA,NA,NA,NA,NA,NA,NA,NA,NA,NA,NA,NA,NA,NA,"kein ET",0,NA,NA,NA,NA,NA,NA,NA,NA,NA,NA,NA,NA,NA,NA,NA,NA,NA,NA,NA,NA,NA,NA,NA,NA,NA,NA,NA,NA,NA,NA,NA,NA,NA,NA,NA
1,"LC",53,"",1,0,3,0,6.5500005,1,3,0.58,0,2,5.55,2.775,3.43,2.12,2.12,0,1,0.42,0.42,0.42,0.42,0.42,1,1,0.58,0.58,0.58,0.58,NA,0,0,0,NA,0,NA,NA,"",1,0,3,0,4.5666694,1,4,0.53,0,2,3.57,1.785,2.07,1.5,1.5,0,1,0.3,0.3,0.3,0.3,0.3,1,1,0.53,0.53,0.53,0.53,NA,0,1,0.17,0.17,0.17,0.17,0.17
1,"LC",54,"",1,0,3,0,9.4833334,1,3,0.54,0,2,8.083,4.042,7.63,7.63,7.63,0,0,0,NA,0,NA,NA,1,1,0.54,0.54,0.54,0.54,NA,0,1,0.86,0.86,0.86,0.86,0.86,"",1,1,3,0,7.9833333,1,2,0.51,0,1,5.39,5.39,5.39,5.39,5.39,0,1,0.1,0.1,0.1,0.1,0.1,1,1,0.51,0.51,0.51,0.51,NA,0,0,0,NA,0,NA,NA
1,"LC",55,"",1,1,3,0,22.8166669,1,1,5.51,0,1,14.49,14.49,14.49,14.49,14.49,0,0,0,NA,0,NA,NA,1,1,5.51,5.51,5.51,5.51,NA,0,0,0,NA,0,NA,NA,"",1,1,3,0,7.8000014,2,2,1.18,0,1,4.82,4.82,4.82,4.82,4.82,0,1,0.9,0.9,0.9,0.9,0.9,1,1,0.28,0.28,0.28,0.28,NA,0,0,0,NA,0,NA,NA
1,"LC",56,"",1,1,3,0,26.9499942,NA,0,NA,0,0,0,NA,0,NA,NA,0,0,0,NA,0,NA,NA,1,1,20,20,20,20,NA,0,0,0,NA,0,NA,NA,"",1,1,3,0,12.1499987,999,0,NA,0,0,0,NA,0,NA,NA,0,0,0,NA,0,NA,NA,1,1,6,6,6,6,NA,0,0,0,NA,0,NA,NA
1,"LC",57,"",1,1,3,0,26.433335,1,6,17.02,0,2,1.59,0.795,0.85,0.74,0.74,0,1,0.12,0.12,0.12,0.12,0.12,1,4,18.29,4.573,17.02,17.02,0.19,0,0,0,NA,0,NA,NA,"",1,1,3,0,7.9333278,1,9,0.48,0,5,3.599,0.72,1.394,1.394,1.394,0,3,1.547,0.516,0.629,0.561,0.561,1,1,0.48,0.48,0.48,0.48,NA,0,1,0.37,0.37,0.37,0.37,0.37
1,"LC",58,"",1,1,3,0,22.666667,NA,0,NA,0,0,0,NA,0,NA,NA,0,0,0,NA,0,NA,NA,1,1,20,20,20,20,NA,0,0,0,NA,0,NA,NA,"",1,0,3,0,3.2500008,1,5,0.46,0,3,1.9,0.633,1.07,1.07,1.07,0,1,0.56,0.56,0.56,0.56,0.56,1,1,0.46,0.46,0.46,0.46,NA,0,1,0.33,0.33,0.33,0.33,0.33
1,"LC",59,"",1,0,3,0,15.2166679,1,7,8.01,0,4,5.677,1.419,3.55,3.55,3.55,0,2,1.09,0.545,0.68,0.68,0.68,1,1,8.01,8.01,8.01,8.01,NA,0,1,0.44,0.44,0.44,0.44,0.44,"",1,1,3,0,9.3499977,1,1,5.62,0,1,0.38,0.38,0.38,0.38,0.38,0,0,0,NA,0,NA,NA,1,1,5.62,5.62,5.62,5.62,NA,0,0,0,NA,0,NA,NA
1,"LC",60,"",1,0,3,0,6.1333318,1,3,0.48,0,2,5.263,2.632,3.79,3.79,3.79,0,0,0,NA,0,NA,NA,1,1,0.48,0.48,0.48,0.48,NA,0,1,0.39,0.39,0.39,0.39,0.39,"",1,0,3,0,2.7333195,1,3,0.38,0,2,1.983,0.992,1.57,1.57,1.57,1,1,0.38,0.38,0.38,0.38,NA,0,0,0,NA,0,NA,NA,0,1,0.37,0.37,0.37,0.37,0.37
1,"LC",61,"",1,0,3,0,13.9833371,1,3,7.56,0,2,5.813,2.907,4.85,4.85,4.85,0,0,0,NA,0,NA,NA,1,1,7.56,7.56,7.56,7.56,NA,0,1,0.61,0.61,0.61,0.61,0.61,"",1,0,3,0,3.0999999,1,1,0.558,0,1,2.542,2.542,2.542,2.542,2.542,0,0,0,NA,0,NA,NA,1,1,0.558,0.558,0.558,0.558,NA,0,0,0,NA,0,NA,NA
1,"LC",62,"",1,1,3,0,26.3000185,NA,0,NA,0,0,0,NA,0,NA,NA,0,0,0,NA,0,NA,NA,1,1,20,20,20,20,NA,0,0,0,NA,0,NA,NA,"",1,0,3,0,3.6166639,0,2,NA,1,2,2.887,1.443,2.27,2.27,0.617,0,0,0,NA,0,NA,NA,0,0,0,NA,0,NA,NA,0,1,0.73,0.73,0.73,0.73,0.73
1,"LC",63,"",1,0,3,0,8.0833357,1,4,0.68,0,2,6.43,3.215,4.2,4.2,4.2,0,1,0.513,0.513,0.513,0.513,0.513,1,1,0.68,0.68,0.68,0.68,NA,0,1,0.46,0.46,0.46,0.46,0.46,"",1,0,3,0,3.55,1,3,0.652,0,2,2.488,1.244,2.028,2.028,2.028,0,0,0,NA,0,NA,NA,1,1,0.652,0.652,0.652,0.652,NA,0,1,0.41,0.41,0.41,0.41,0.41
1,"LC",65,"",1,1,3,0,24.5833326,1,4,0.36,0,2,3.73,1.865,3.14,3.14,3.14,0,0,0,NA,0,NA,NA,1,3,16.27,5.423,15.39,0.36,0.52,0,0,0,NA,0,NA,NA,"",1,1,3,0,8.0833351,1,4,2.19,0,2,2.82,1.41,1.77,1.77,1.77,0,1,0.84,0.84,0.84,0.84,0.84,1,1,2.19,2.19,2.19,2.19,NA,0,1,0.15,0.15,0.15,0.15,0.15
1,"LC",66,"",1,1,3,0,24.05,0,12,NA,1,7,14.7,2.1,4.23,0.4,0.46,0,3,2.82,0.94,1.18,1.18,1.18,0,3,2.48,0.827,1.21,1.21,1.21,0,0,0,NA,0,NA,NA,"",1,1,3,0,8.616636,0,5,NA,1,3,3.93,1.31,1.71,1.71,1.57,0,3,2.07,0.69,1.05,0.71,0.71,0,0,0,NA,0,NA,NA,0,0,0,NA,0,NA,NA
1,"LC",67,"",1,1,3,0,24.5833333,1,8,5.87,0,4,6.46,1.615,3.98,3.98,3.98,0,1,0.14,0.14,0.14,0.14,0.14,1,4,13.4,3.35,5.87,5.87,2.8,0,0,0,NA,0,NA,NA,"",1,0,3,0,2.5333351,0,2,NA,1,2,1.993,0.997,1.57,1.57,0.423,0,0,0,NA,0,NA,NA,0,0,0,NA,0,NA,NA,0,1,0.54,0.54,0.54,0.54,0.54
1,"LC",68,"",1,0,3,0,8.6166648,1,5,1.04,0,3,6.577,2.192,5.33,5.33,5.33,0,0,0,NA,0,NA,NA,1,1,1.04,1.04,1.04,1.04,NA,0,2,1,0.5,0.52,0.48,0.48,"",1,1,3,0,6.1666651,1,6,0.77,0,3,3.9,1.3,1.63,1.63,1.63,0,1,0.28,0.28,0.28,0.28,0.28,1,2,1.22,0.61,0.77,0.77,0.45,0,1,0.6,0.6,0.6,0.6,0.6
1,"LC",69,"",1,0,3,0,11.7833326,1,12,0.5,0,6,6.57,1.095,2.15,2.15,2.15,0,4,4.023,1.006,1.6,0.55,0.55,1,1,0.5,0.5,0.5,0.5,NA,0,2,0.69,0.35,0.46,0.23,0.23,"",1,0,3,0,3.6499978,1,5,0.4,0,3,2.38,0.793,1.67,1.67,1.67,0,1,0.39,0.39,0.39,0.39,0.39,1,1,0.4,0.4,0.4,0.4,NA,0,1,0.48,0.48,0.48,0.48,0.48
1,"LC",70,"",1,0,3,0,11.0166677,1,5,0.1,0,2,8.7,4.35,5.76,5.76,5.76,0,2,0.677,0.338,0.57,0.57,0.57,1,1,0.1,0.1,0.1,0.1,NA,0,1,1.54,1.54,1.54,1.54,1.54,"",1,1,3,0,11.583351,1,7,0.36,0,4,3.88,0.97,1.61,1.61,1.61,0,3,1.76,0.587,1.66,0.02,0.02,1,1,0.36,0.36,0.36,0.36,NA,0,0,0,NA,0,NA,NA
1,"LC",71,"",1,1,3,0,24.9499998,1,8,0.61,0,4,9.9,2.475,5.83,5.83,5.83,0,0,0,NA,0,NA,NA,1,5,10.1,2.02,3.07,0.61,1.14,0,0,0,NA,0,NA,NA,"",1,0,3,0,2.9499956,0,1,NA,1,1,2.24,2.24,2.24,2.24,NA,0,1,0.71,0.71,0.71,0.71,0.71,0,0,0,NA,0,NA,NA,0,0,0,NA,0,NA,NA
1,"LC",72,"",1,0,3,0,3.0833316,1,3,0.44,0,2,2.143,1.072,1.7,1.7,1.7,0,0,0,NA,0,NA,NA,1,1,0.44,0.44,0.44,0.44,NA,0,1,0.5,0.5,0.5,0.5,0.5,"",1,0,3,0,3.7832473,1,3,1.55,0,2,1.823,0.912,1.5,1.5,1.5,0,0,0,NA,0,NA,NA,1,1,1.55,1.55,1.55,1.55,NA,0,1,0.41,0.41,0.41,0.41,0.41
1,"LC",73,"",1,1,3,0,22.4000077,1,12,1.68,0,6,9.65,1.608,3.11,3.11,3.11,0,4,7.22,1.805,5.49,0.73,0.73,1,3,3.13,1.043,1.68,1.68,1.06,0,0,0,NA,0,NA,NA,"",1,1,3,0,9.2166647,999,0,NA,0,0,0,NA,0,NA,NA,0,0,0,NA,0,NA,NA,1,1,6,6,6,6,NA,0,0,0,NA,0,NA,NA
1,"LC",74,"",1,1,3,0,21.916667,3,7,3.66,0,3,15.16,5.053,7.07,6.6,6.6,0,3,1.7,0.567,0.77,0.52,0.52,1,2,3.14,1.57,2.51,0.63,2.51,0,0,0,NA,0,NA,NA,"",1,1,3,0,7.55,1,1,0.4,0,1,5.6,5.6,5.6,5.6,5.6,0,0,0,NA,0,NA,NA,1,1,0.4,0.4,0.4,0.4,NA,0,0,0,NA,0,NA,NA
1,"LC",75,"",1,0,3,2,7.783318,1,3,1.8,0,2,5.403,2.702,4.68,4.68,4.68,0,0,0,NA,0,NA,NA,1,1,1.8,1.8,1.8,1.8,NA,0,1,0.58,0.58,0.58,0.58,0.58,"",1,1,3,0,9.1833333,1,3,0.6,0,2,4.68,2.34,4.67,4.67,4.67,0,0,0,NA,0,NA,NA,1,1,0.6,0.6,0.6,0.6,NA,0,1,0.72,0.72,0.72,0.72,0.72
1,"LC",76,"",1,0,3,0,4.9666732,1,5,0.67,0,3,3.617,1.206,1.6,1.1,1.1,0,2,0.68,0.34,0.44,0.44,0.44,1,1,0.67,0.67,0.67,0.67,NA,0,0,0,NA,0,NA,NA,"",1,0,3,0,2.6166675,1,3,0.93,0,2,1.117,0.558,0.78,0.78,0.78,0,1,0.57,0.57,0.57,0.57,0.57,1,1,0.93,0.93,0.93,0.93,NA,0,0,0,NA,0,NA,NA
1,"LC",77,"",1,1,3,0,21.9166669,1,12,0.37,0,6,12.7,2.117,3.44,2.09,2.09,0,5,6.73,1.346,3.92,0.63,0.63,1,1,0.37,0.37,0.37,0.37,NA,0,1,0.2,0.2,0.2,0.2,0.2,"",1,0,3,0,3.2333639,1,4,0.73,0,2,1.753,0.877,1.07,1.07,1.07,0,1,0.41,0.41,0.41,0.41,0.41,1,1,0.73,0.73,0.73,0.73,NA,0,1,0.34,0.34,0.34,0.34,0.34
2,"HC",4,"",1,0,3,0,5.5,1,3,1.054,0,2,3.783,1.891,2.295,2.295,2.295,0,0,0,NA,0,NA,NA,1,1,1.054,1.054,1.054,1.054,NA,0,1,0.66,0.66,0.66,0.66,0.66,"",1,0,3,0,2.8,1,2,0.918,0,1,1.598,1.598,1.598,1.598,1.598,1,2,1.202,0.601,0.918,0.918,0.284,0,0,0,NA,0,NA,NA,0,0,0,NA,0,NA,NA
2,"HC",5,"kein ET",0,NA,NA,NA,NA,NA,NA,NA,NA,NA,NA,NA,NA,NA,NA,NA,NA,NA,NA,NA,NA,NA,NA,NA,NA,NA,NA,NA,NA,NA,NA,NA,NA,NA,NA,NA,"kein ET",0,NA,NA,NA,NA,NA,NA,NA,NA,NA,NA,NA,NA,NA,NA,NA,NA,NA,NA,NA,NA,NA,NA,NA,NA,NA,NA,NA,NA,NA,NA,NA,NA,NA,NA,NA
2,"HC",6,"",1,1,3,0,21.4,1,9,0.935,0,5,16.44,3.288,6.386,3.026,3.026,0,2,1.462,0.731,0.918,0.918,0.918,1,1,0.935,0.935,0.935,0.935,NA,0,2,1.16,0.58,0.66,0.66,0.66,"",1,0,3,0,3.7,1,1,0.085,0,1,3.615,3.615,3.615,3.615,3.615,0,0,0,NA,0,NA,NA,1,1,0.085,0.085,0.085,0.085,NA,0,0,0,NA,0,NA,NA
2,"HC",7,"",1,0,3,0,8.4,2,6,1.234,0,3,5.568,1.856,3.162,1.673,1.673,0,1,0.622,0.622,0.622,0.622,0.622,1,2,1.088,0.544,0.612,0.612,0.476,0,1,1.12,1.12,1.12,1.12,1.12,"",1,0,3,0,1.7,1,1,0.646,0,1,1.054,1.054,1.054,1.054,1.054,0,0,0,NA,0,NA,NA,1,1,0.646,0.646,0.646,0.646,NA,0,0,0,NA,0,NA,NA
2,"HC",8,"",1,0,3,0,17.5,0,8,NA,1,5,15.12,3.024,5.831,4.607,5.831,0,3,1.819,0.606,0.765,0.765,0.765,0,0,0,NA,0,NA,NA,0,1,0.56,0.56,0.56,0.56,0.56,"",1,0,3,0,5.8,1,3,0.663,0,1,4.148,4.148,4.148,4.148,4.148,1,2,0.698,0.349,0.663,0.663,0.035,0,0,0,NA,0,NA,NA,0,1,0.95,0.95,0.95,0.95,0.95
2,"HC",9,"",1,0,3,0,7.5,1,4,1.496,0,2,3.366,1.683,2.958,2.958,2.958,0,1,2.077,2.077,2.077,2.077,2.077,1,1,1.496,1.496,1.496,1.496,NA,0,1,0.56,0.56,0.56,0.56,0.56,"",1,0,3,0,2.6,1,2,0.918,0,1,1.173,1.173,1.173,1.173,1.173,0,1,0.509,0.509,0.509,0.509,0.509,1,1,0.918,0.918,0.918,0.918,NA,0,0,0,NA,0,NA,NA
2,"HC",10,"",1,0,3,0,6.9,1,8,0.765,0,4,4.078,1.02,1.496,1.326,1.326,0,2,0.85,0.425,0.663,0.663,0.663,1,3,1.972,0.657,0.765,0.765,0.578,0,0,0,NA,0,NA,NA,"",1,0,3,0,5.1,1,5,0.527,0,3,3.689,1.23,1.921,0.799,0.799,0,2,0.884,0.442,0.459,0.425,0.425,1,1,0.527,0.527,0.527,0.527,NA,0,0,0,NA,0,NA,NA
2,"HC",11,"",1,0,3,0,11.6,1,1,8.836,0,1,2.764,2.764,2.764,2.764,2.764,0,0,0,NA,0,NA,NA,1,1,8.836,8.836,8.836,8.836,NA,0,0,0,NA,0,NA,NA,"",1,0,3,0,4.4,1,5,1.224,0,3,1.952,0.651,1.139,1.139,1.139,0,1,0.544,0.544,0.544,0.544,0.544,1,2,1.904,0.952,1.224,1.224,0.68,0,0,0,NA,0,NA,NA
2,"HC",13,"",1,0,3,0,14.5,1,3,9.027,0,2,4.975,2.487,3.769,3.769,3.769,0,1,0.498,0.498,0.498,0.498,0.498,1,1,9.027,9.027,9.027,9.027,NA,0,0,0,NA,0,NA,NA,"",1,0,3,0,4,1,3,0.595,0,2,3.065,1.533,2.193,2.193,2.193,0,1,0.34,0.34,0.34,0.34,0.34,1,1,0.595,0.595,0.595,0.595,NA,0,0,0,NA,0,NA,NA
2,"HC",14,"",1,1,3,0,25.3,1,5,1.003,0,3,10.072,3.357,6.196,2.465,2.465,0,0,0,NA,0,NA,NA,1,3,9.928,3.309,4.607,1.003,4.607,0,0,0,NA,0,NA,NA,"",1,0,3,0,3.6,1,3,1.887,0,2,1.56,0.78,1.326,1.326,1.326,0,1,0.153,0.153,0.153,0.153,0.153,1,1,1.887,1.887,1.887,1.887,NA,0,0,0,NA,0,NA,NA
2,"HC",15,"",1,0,3,0,14.3,1,3,8.398,0,2,5.579,2.789,4.539,4.539,4.539,0,1,0.323,0.323,0.323,0.323,0.323,1,1,8.398,8.398,8.398,8.398,NA,0,0,0,NA,0,NA,NA,"",1,0,3,0,2.2,1,2,0.663,0,1,1.496,1.496,1.496,1.496,1.496,0,1,0.041,0.041,0.041,0.041,0.041,1,1,0.663,0.663,0.663,0.663,NA,0,0,0,NA,0,NA,NA
2,"HC",16,"",1,0,3,0,10.1,1,5,1.19,0,3,7.465,2.488,5.491,5.491,5.491,0,2,1.445,0.722,0.867,0.867,0.867,1,1,1.19,1.19,1.19,1.19,NA,0,0,0,NA,0,NA,NA,"",1,0,3,0,1.6,1,3,0.561,0,2,0.614,0.307,0.544,0.544,0.544,0,1,0.425,0.425,0.425,0.425,0.425,1,1,0.561,0.561,0.561,0.561,NA,0,0,0,NA,0,NA,NA
2,"HC",17,"",1,0,3,0,10.1,1,3,0.808,0,2,8.85,4.425,5.459,3.391,3.391,0,0,0,NA,0,NA,NA,1,1,0.808,0.808,0.808,0.808,NA,0,1,0.44,0.44,0.44,0.44,0.44,"",1,0,3,0,2.1,2,2,0.612,0,1,1.488,1.488,1.488,1.488,1.488,1,1,0.306,0.306,0.306,0.306,NA,0,1,0.306,0.306,0.306,0.306,0.306,0,0,0,NA,0,NA,NA
2,"HC",18,"",1,0,3,0,15.7,1,1,13.736,0,1,1.964,1.964,1.964,1.964,1.964,0,0,0,NA,0,NA,NA,1,1,13.736,13.736,13.736,13.736,NA,0,0,0,NA,0,NA,NA,"",1,0,3,0,2.2,2,2,2.142,0,1,0.058,0.058,0.058,0.058,0.058,0,1,1.173,1.173,1.173,1.173,1.173,1,1,0.969,0.969,0.969,0.969,NA,0,0,0,NA,0,NA,NA
2,"HC",19,"",1,0,3,0,16.2,1,3,1.445,0,2,14.415,7.208,13.821,13.821,13.821,0,0,0,NA,0,NA,NA,1,1,1.445,1.445,1.445,1.445,NA,0,1,0.34,0.34,0.34,0.34,0.34,"",1,1,3,0,7.6,1,5,0.594,0,3,4.624,1.541,1.648,1.395,1.395,0,1,0.408,0.408,0.408,0.408,0.408,1,1,0.594,0.594,0.594,0.594,NA,0,1,0.37,0.37,0.37,0.37,0.37
2,"HC",20,"",1,0,3,0,7.4,1,4,0.493,0,2,5.887,2.944,4.607,4.607,4.607,0,1,0.51,0.51,0.51,0.51,0.51,1,1,0.493,0.493,0.493,0.493,NA,0,1,0.51,0.51,0.51,0.51,0.51,"",1,0,3,0,4,1,5,0.629,0,3,2.521,0.84,1.598,1.598,1.598,0,1,0.544,0.544,0.544,0.544,0.544,1,1,0.629,0.629,0.629,0.629,NA,0,1,0.31,0.31,0.31,0.31,0.31
2,"HC",21,"",1,0,3,0,8,1,1,0.646,0,1,7.354,7.354,7.354,7.354,7.354,0,0,0,NA,0,NA,NA,1,1,0.646,0.646,0.646,0.646,NA,0,0,0,NA,0,NA,NA,"",1,0,3,0,1.5,1,1,0.34,0,1,1.16,1.16,1.16,1.16,1.16,0,0,0,NA,0,NA,NA,1,1,0.34,0.34,0.34,0.34,NA,0,0,0,NA,0,NA,NA
2,"HC",23,"",1,0,3,0,17.1,0,6,NA,1,4,15.859,3.965,5.049,3.587,5.049,0,2,0.986,0.493,0.561,0.561,0.561,0,0,0,NA,0,NA,NA,0,1,0.26,0.26,0.26,0.26,0.26,"",1,0,3,0,2.5,1,1,0.546,0,1,1.954,1.954,1.954,1.954,1.954,0,0,0,NA,0,NA,NA,1,1,0.546,0.546,0.546,0.546,NA,0,0,0,NA,0,NA,NA
2,"HC",24,"",1,1,3,0,23.3,3,3,15.368,0,1,4.632,4.632,4.632,4.632,4.632,0,1,0.476,0.476,0.476,0.476,0.476,1,2,14.892,7.446,12.699,12.699,2.193,0,0,0,NA,0,NA,NA,"",1,0,3,0,5,1,3,1.241,0,2,3.453,1.726,2.28,1.173,1.173,0,0,0,NA,0,NA,NA,1,1,1.241,1.241,1.241,1.241,NA,0,1,0.31,0.31,0.31,0.31,0.31
2,"HC",25,"",1,0,3,0,3.7,1,3,0.476,0,2,2.918,1.459,2.499,2.499,2.499,0,0,0,NA,0,NA,NA,1,1,0.476,0.476,0.476,0.476,NA,0,1,0.31,0.31,0.31,0.31,0.31,"",1,0,3,0,1.5,1,1,0.187,0,1,1.313,1.313,1.313,1.313,1.313,0,0,0,NA,0,NA,NA,1,1,0.187,0.187,0.187,0.187,NA,0,0,0,NA,0,NA,NA
2,"HC",26,"",1,0,3,0,14,4,11,4.029,0,4,4.845,1.211,2.55,2.55,2.55,1,3,1.08,0.36,0.425,0.272,0.425,0,5,8.075,1.615,3.808,1.785,1.785,0,0,0,NA,0,NA,NA,"",1,0,3,0,2,1,1,0.867,0,1,1.133,1.133,1.133,1.133,1.133,0,0,0,NA,0,NA,NA,1,1,0.867,0.867,0.867,0.867,NA,0,0,0,NA,0,NA,NA
2,"HC",27,"",1,0,3,0,14.8,4,4,7.956,0,1,6.844,6.844,6.844,6.844,6.844,0,2,2.958,1.479,2.448,0.51,0.51,1,2,4.998,2.499,2.567,2.431,2.567,0,0,0,NA,0,NA,NA,"",1,0,3,0,4.7,2,2,1.258,0,1,3.442,3.442,3.442,3.442,3.442,0,1,0.629,0.629,0.629,0.629,0.629,1,1,0.629,0.629,0.629,0.629,NA,0,0,0,NA,0,NA,NA
2,"HC",28,"",1,0,3,0,12.7,1,1,0.85,0,1,11.85,11.85,11.85,11.85,11.85,0,0,0,NA,0,NA,NA,1,1,0.85,0.85,0.85,0.85,NA,0,0,0,NA,0,NA,NA,"",1,0,3,0,4.6,1,4,0.493,0,2,3.307,1.654,2.27,1.037,1.037,0,1,0.493,0.493,0.493,0.493,0.493,1,1,0.493,0.493,0.493,0.493,NA,0,1,0.31,0.31,0.31,0.31,0.31
2,"HC",29,"",1,0,3,0,9.3,1,5,0.714,0,3,7.923,2.641,3.605,1.853,1.853,0,2,0.663,0.332,0.34,0.34,0.34,1,1,0.714,0.714,0.714,0.714,NA,0,0,0,NA,0,NA,NA,"",1,0,3,0,4.3,1,5,0.765,0,3,2.974,0.991,1.258,1.258,1.258,0,1,0.391,0.391,0.391,0.391,0.391,1,1,0.765,0.765,0.765,0.765,NA,0,1,0.17,0.17,0.17,0.17,0.17
2,"HC",30,"",1,0,3,0,4.6,1,3,0.476,0,2,3.971,1.985,2.958,2.958,2.958,0,0,0,NA,0,NA,NA,1,1,0.476,0.476,0.476,0.476,NA,0,1,0.15,0.15,0.15,0.15,0.15,"",1,0,3,0,4.2,1,3,0.629,0,2,3.231,1.615,2.822,2.822,2.822,0,0,0,NA,0,NA,NA,1,1,0.629,0.629,0.629,0.629,NA,0,1,0.34,0.34,0.34,0.34,0.34
2,"HC",31,"",1,0,3,0,10.7,1,1,6.052,0,1,4.648,4.648,4.648,4.648,4.648,1,1,6.052,6.052,6.052,6.052,NA,0,0,0,NA,0,NA,NA,0,0,0,NA,0,NA,NA,"",1,1,3,0,10.1,1,5,0.408,0,3,2.957,0.986,1.275,1.241,1.241,0,2,2.635,1.318,1.921,0.714,0.714,1,1,0.408,0.408,0.408,0.408,NA,0,0,0,NA,0,NA,NA
2,"HC",32,"",0,NA,NA,NA,NA,NA,NA,NA,NA,NA,NA,NA,NA,NA,NA,NA,NA,NA,NA,NA,NA,NA,NA,NA,NA,NA,NA,NA,NA,NA,NA,NA,NA,NA,NA,NA,"",1,0,3,0,4.3,3,3,3.009,0,1,1.291,1.291,1.291,1.291,1.291,0,1,1.462,1.462,1.462,1.462,1.462,1,1,0.748,0.748,0.748,0.748,NA,0,1,0.8,0.8,0.8,0.8,0.8
2,"HC",33,"",1,0,3,0,7.8,1,3,2.924,0,2,4.247,2.124,4.199,4.199,4.199,0,0,0,NA,0,NA,NA,1,1,2.924,2.924,2.924,2.924,NA,0,1,0.63,0.63,0.63,0.63,0.63,"",1,0,3,0,1.4,0,2,NA,1,2,0.924,0.462,0.652,0.272,0.652,0,1,0.476,0.476,0.476,0.476,0.476,0,0,0,NA,0,NA,NA,0,0,0,NA,0,NA,NA
2,"HC",34,"",1,0,3,0,12.8,2,7,0.918,0,3,7.836,2.612,4.046,4.046,4.046,0,1,0.527,0.527,0.527,0.527,0.527,1,2,3.094,1.547,2.703,0.391,2.703,0,2,1.34,0.67,1.17,1.17,1.17,"",1,0,3,0,2.9,1,3,0.357,0,1,1.394,1.394,1.394,1.394,1.394,1,2,0.792,0.396,0.435,0.357,0.435,0,0,0,NA,0,NA,NA,0,1,0.71,0.71,0.71,0.71,0.71
2,"HC",35,"",1,0,3,0,12.1,1,2,9.872,0,1,1.671,1.671,1.671,1.671,1.671,0,1,0.557,0.557,0.557,0.557,0.557,1,1,9.872,9.872,9.872,9.872,NA,0,0,0,NA,0,NA,NA,"",1,0,3,0,1.9,1,2,0.829,0,1,1.041,1.041,1.041,1.041,1.041,0,1,0.03,0.03,0.03,0.03,0.03,1,1,0.829,0.829,0.829,0.829,NA,0,0,0,NA,0,NA,NA
2,"HC",36,"",1,0,3,0,6.1,1,3,1.071,0,2,4.638,2.319,2.7,1.938,1.938,0,0,0,NA,0,NA,NA,1,1,1.071,1.071,1.071,1.071,NA,0,1,0.39,0.39,0.39,0.39,0.39,"",1,0,3,0,2.3,1,1,0.527,0,1,1.773,1.773,1.773,1.773,1.773,0,0,0,NA,0,NA,NA,1,1,0.527,0.527,0.527,0.527,NA,0,0,0,NA,0,NA,NA
2,"HC",37,"",1,0,3,0,11.3,1,7,0.765,0,4,8.954,2.239,3.961,3.961,3.961,1,4,2.346,0.586,0.765,0.765,0.748,0,0,0,NA,0,NA,NA,0,0,0,NA,0,NA,NA,"",1,0,3,0,1.6,1,3,0.646,0,2,0.733,0.366,0.493,0.493,0.493,0,1,0.221,0.221,0.221,0.221,0.221,1,1,0.646,0.646,0.646,0.646,NA,0,0,0,NA,0,NA,NA
2,"HC",38,"",1,0,3,0,6.9,1,5,0.629,0,3,4.911,1.637,2.057,2.057,2.057,0,1,0.731,0.731,0.731,0.731,0.731,1,1,0.629,0.629,0.629,0.629,NA,0,1,0.63,0.63,0.63,0.63,0.63,"",1,0,3,0,5.4,1,7,0.425,0,4,3.003,0.751,1.224,1.224,1.224,0,2,1.309,0.654,0.765,0.765,0.765,1,1,0.425,0.425,0.425,0.425,NA,0,1,0.66,0.66,0.66,0.66,0.66
2,"LC",53,"",1,0,3,0,9.6,1,4,1.343,0,2,6.443,3.221,4.097,4.097,4.097,0,0,0,NA,0,NA,NA,1,1,1.343,1.343,1.343,1.343,NA,0,2,1.81,0.91,0.93,0.93,0.93,"",1,0,3,0,4.2,0,0,NA,1,1,4.2,4.2,4.2,4.2,NA,0,0,0,NA,0,NA,NA,0,0,0,NA,0,NA,NA,0,0,0,NA,0,NA,NA
2,"LC",54,"",1,0,3,0,13.7,1,5,0.561,0,3,12.374,4.125,7.888,3.961,3.961,1,2,0.969,0.485,0.561,0.561,0.408,0,0,0,NA,0,NA,NA,0,1,0.36,0.36,0.36,0.36,0.36,"",1,0,3,0,3.7,0,2,NA,1,2,2.798,1.399,1.467,1.467,1.331,0,0,0,NA,0,NA,NA,0,0,0,NA,0,NA,NA,0,1,0.9,0.9,0.9,0.9,0.9
2,"LC",56,"",1,0,3,0,8.8,1,3,1.506,0,2,6.444,3.222,3.543,3.543,3.543,0,1,0.85,0.85,0.85,0.85,0.85,1,1,1.506,1.506,1.506,1.506,NA,0,0,0,NA,0,NA,NA,"",1,0,3,0,2,1,2,0.544,0,1,1.275,1.275,1.275,1.275,1.275,0,1,0.181,0.181,0.181,0.181,0.181,1,1,0.544,0.544,0.544,0.544,NA,0,0,0,NA,0,NA,NA
2,"LC",57,"",1,0,3,3,0,1,10,0.272,0,5,16.158,3.232,5.78,5.78,5.78,0,4,2.618,0.655,0.986,0.561,0.561,1,2,1.224,0.612,0.952,0.272,0.952,0,0,0,NA,0,NA,NA,"",1,0,3,3,NA,1,5,1.054,0,3,4.164,1.388,1.853,1.819,1.819,0,2,0.782,0.391,0.408,0.374,0.374,1,1,1.054,1.054,1.054,1.054,NA,0,0,0,NA,0,NA,NA
2,"LC",58,"",1,1,3,0,25.3,1,3,4.756,0,2,13.935,6.967,8.776,8.776,8.776,0,1,1.309,1.309,1.309,1.309,1.309,1,1,4.756,4.756,4.756,4.756,NA,0,0,0,NA,0,NA,NA,"",1,0,3,3,NA,0,2,NA,1,2,5.643,2.822,2.907,2.907,2.736,0,1,0.357,0.357,0.357,0.357,0.357,0,0,0,NA,0,NA,NA,0,0,0,NA,0,NA,NA
2,"LC",59,"",1,0,3,0,9.4,1,9,0.34,0,5,4.997,0.999,2.669,2.669,2.669,0,1,0.731,0.731,0.731,0.731,0.731,1,3,2.975,0.992,1.802,0.34,0.833,0,1,0.7,0.7,0.7,0.7,0.7,"",1,0,3,0,4.9,1,2,2.635,0,1,1.105,1.105,1.105,1.105,1.105,0,0,0,NA,0,NA,NA,1,1,2.635,2.635,2.635,2.635,NA,0,1,1.16,1.16,1.16,1.16,1.16
2,"LC",60,"",1,1,3,0,27.8,1,7,0.663,0,4,14.492,3.623,9.571,9.571,9.571,0,2,4.42,2.21,3.672,3.672,3.672,1,1,0.663,0.663,0.663,0.663,NA,0,1,0.42,0.42,0.42,0.42,0.42,"",1,1,3,0,9.4,1,3,0.629,0,2,3.994,1.997,2.345,1.649,1.649,0,0,0,NA,0,NA,NA,1,2,2.006,1.003,1.377,0.629,1.377,0,0,0,NA,0,NA,NA
2,"LC",61,"",1,0,3,0,5.7,1,2,0.663,0,1,5.032,5.032,5.032,5.032,5.032,0,0,0,NA,0,NA,NA,1,1,0.663,0.663,0.663,0.663,NA,0,1,0.01,0.01,0.01,0.01,0.01,"",1,0,3,0,4.2,1,5,0.051,0,3,3.503,1.168,2.533,2.533,2.533,0,1,0.306,0.306,0.306,0.306,0.306,1,1,0.051,0.051,0.051,0.051,NA,0,1,0.34,0.34,0.34,0.34,0.34
2,"LC",62,"",1,1,3,0,25.2,3,3,18.7,0,1,1.3,1.3,1.3,1.3,1.3,0,1,0.544,0.544,0.544,0.544,0.544,1,2,18.156,9.078,17.391,17.391,0.765,0,0,0,NA,0,NA,NA,"",1,1,3,0,7.9,2,4,4.318,0,2,1.359,0.68,0.714,0.714,0.714,0,1,0.204,0.204,0.204,0.204,0.204,1,2,4.437,2.218,4.114,4.114,0.323,0,0,0,NA,0,NA,NA
2,"LC",63,"",1,1,3,0,31.8,NA,7,NA,0,0,0,NA,0,NA,NA,1,4,1.683,0.421,0.527,0.527,0.306,0,4,18.317,4.579,6.681,5.865,5.865,0,0,0,NA,0,NA,NA,"",1,1,3,0,16.8,999,0,NA,0,0,0,NA,0,NA,NA,0,0,0,NA,0,NA,NA,1,1,6,6,6,6,NA,0,0,0,NA,0,NA,NA
2,"LC",64,"",1,1,3,0,28.2,1,5,0.799,0,3,8.083,2.694,4.947,4.947,4.947,0,1,0.612,0.612,0.612,0.612,0.612,1,2,11.305,5.652,10.506,0.799,10.506,0,0,0,NA,0,NA,NA,"",1,1,3,0,7.6,1,1,4.079,0,1,1.921,1.921,1.921,1.921,1.921,0,0,0,NA,0,NA,NA,1,1,4.079,4.079,4.079,4.079,NA,0,0,0,NA,0,NA,NA
2,"LC",65,"kein ET",0,NA,NA,NA,NA,NA,NA,NA,NA,NA,NA,NA,NA,NA,NA,NA,NA,NA,NA,NA,NA,NA,NA,NA,NA,NA,NA,NA,NA,NA,NA,NA,NA,NA,NA,NA,"",1,1,3,0,7.4,1,3,1.431,0,2,4.11,2.055,3.026,3.026,3.026,0,1,0.459,0.459,0.459,0.459,0.459,1,1,1.431,1.431,1.431,1.431,NA,0,0,0,NA,0,NA,NA
2,"LC",66,"",1,1,3,0,28.8,1,11,0.255,0,6,15.886,2.648,6.8,2.992,2.992,1,6,4.114,0.686,1.071,0.255,0.272,0,0,0,NA,0,NA,NA,0,0,0,NA,0,NA,NA,"",1,1,3,0,6.1,0,4,NA,1,3,4.674,1.558,2.635,2.635,1.122,0,1,0.561,0.561,0.561,0.561,0.561,0,0,0,NA,0,NA,NA,0,1,0.77,0.77,0.77,0.77,0.77
2,"LC",67,"",1,1,3,0,21.5,5,12,6.477,0,4,9.035,2.259,4.377,2.754,2.754,0,4,1.615,0.404,0.442,0.442,0.442,1,5,9.35,1.87,3.162,2.72,1.938,0,0,0,NA,0,NA,NA,"",1,1,3,0,8.1,1,7,0.414,0,4,4.685,1.171,1.768,1.768,1.768,0,2,0.357,0.179,0.289,0.289,0.289,1,1,0.414,0.414,0.414,0.414,NA,0,1,0.54,0.54,0.54,0.54,0.54
2,"LC",69,"",1,0,3,0,4.9,1,3,0.751,0,2,3.52,1.76,2.788,2.788,2.788,0,1,0.629,0.629,0.629,0.629,0.629,1,1,0.751,0.751,0.751,0.751,NA,0,0,0,NA,0,NA,NA,"",1,0,3,0,5.2,1,5,1.105,0,3,3.245,1.082,1.326,1.326,1.326,0,2,0.85,0.425,0.731,0.731,0.731,1,1,1.105,1.105,1.105,1.105,NA,0,0,0,NA,0,NA,NA
2,"LC",70,"",1,0,3,0,6,1,3,0.765,0,2,4.504,2.252,4.148,4.148,4.148,0,0,0,NA,0,NA,NA,1,1,0.765,0.765,0.765,0.765,NA,0,1,0.73,0.73,0.73,0.73,0.73,"",1,1,3,0,16.2,999,0,NA,0,0,0,NA,0,NA,NA,0,0,0,NA,0,NA,NA,1,1,6,6,6,6,NA,0,0,0,NA,0,NA,NA
2,"LC",71,"",0,NA,NA,NA,NA,NA,NA,NA,NA,NA,NA,NA,NA,NA,NA,NA,NA,NA,NA,NA,NA,NA,NA,NA,NA,NA,NA,NA,NA,NA,NA,NA,NA,NA,NA,NA,"",0,NA,NA,NA,NA,NA,NA,NA,NA,NA,NA,NA,NA,NA,NA,NA,NA,NA,NA,NA,NA,NA,NA,NA,NA,NA,NA,NA,NA,NA,NA,NA,NA,NA,NA,NA
2,"LC",72,"",1,1,3,0,43.1,NA,8,NA,0,0,0,NA,0,NA,NA,0,4,4.078,1.02,1.649,0.831,0.831,1,5,15.922,3.184,5.295,2.601,1.906,0,0,0,NA,0,NA,NA,"",1,1,3,0,19.3,999,4,NA,0,0,0,NA,0,NA,NA,0,2,1.649,0.824,0.935,0.935,0.935,1,3,4.351,1.45,2.805,1.224,2.805,0,0,0,NA,0,NA,NA
2,"LC",73,"kein ET",0,NA,NA,NA,NA,NA,NA,NA,NA,NA,NA,NA,NA,NA,NA,NA,NA,NA,NA,NA,NA,NA,NA,NA,NA,NA,NA,NA,NA,NA,NA,NA,NA,NA,NA,NA,"kein ET",0,NA,NA,NA,NA,NA,NA,NA,NA,NA,NA,NA,NA,NA,NA,NA,NA,NA,NA,NA,NA,NA,NA,NA,NA,NA,NA,NA,NA,NA,NA,NA,NA,NA,NA,NA
2,"LC",74,"",1,1,3,0,27.6,NA,8,NA,0,0,0,NA,0,NA,NA,0,4,2.006,0.502,0.884,0.884,0.884,1,5,17.994,3.599,5.771,2.346,5.771,0,0,0,NA,0,NA,NA,"",1,1,3,0,9.7,0,3,NA,1,2,5.467,2.733,4.913,4.913,0.554,0,2,0.533,0.267,0.296,0.296,0.296,0,0,0,NA,0,NA,NA,0,0,0,NA,0,NA,NA
2,"LC",75,"",1,1,3,0,38,NA,1,NA,0,0,0,NA,0,NA,NA,1,1,0.255,0.255,0.255,0.255,NA,0,1,19.745,19.745,19.745,19.745,19.745,0,0,0,NA,0,NA,NA,"",1,1,3,0,18,999,3,NA,0,0,0,NA,0,NA,NA,0,2,0.9,0.45,0.544,0.544,0.544,1,2,5.1,2.55,3.468,1.632,3.468,0,0,0,NA,0,NA,NA
2,"LC",76,"",1,0,3,0,9.7,1,3,0.663,0,2,8.697,4.349,6.256,6.256,6.256,0,1,0.34,0.34,0.34,0.34,0.34,1,1,0.663,0.663,0.663,0.663,NA,0,0,0,NA,0,NA,NA,"",1,1,3,0,7.6,0,2,NA,1,2,5.694,2.847,4.116,4.116,1.578,0,1,0.306,0.306,0.306,0.306,0.306,0,0,0,NA,0,NA,NA,0,0,0,NA,0,NA,NA
2,"LC",77,"",1,1,3,0,21.6,5,5,16.796,0,1,3.204,3.204,3.204,3.204,3.204,0,2,1.428,0.714,0.799,0.629,0.629,1,3,15.368,5.123,9.554,9.554,5.151,0,0,0,NA,0,NA,NA,"",1,1,3,0,8.4,1,3,1.088,0,2,4.13,2.065,3.23,3.23,3.23,0,1,0.782,0.782,0.782,0.782,0.782,1,1,1.088,1.088,1.088,1.088,NA,0,0,0,NA,0,NA,NA
2,"LC",78,"",1,0,3,0,8.1,1,4,3.689,0,2,3.323,1.662,2.822,2.822,2.822,0,1,0.45,0.45,0.45,0.45,0.45,1,1,3.689,3.689,3.689,3.689,NA,0,1,0.64,0.64,0.64,0.64,0.64,"",0,NA,NA,NA,NA,NA,NA,NA,NA,NA,NA,NA,NA,NA,NA,NA,NA,NA,NA,NA,NA,NA,NA,NA,NA,NA,NA,NA,NA,NA,NA,NA,NA,NA,NA,NA
2,"LC",79,"",1,0,3,3,0,NA,0,NA,0,0,0,NA,0,NA,NA,0,0,0,NA,0,NA,NA,1,1,20,20,20,20,NA,0,0,0,NA,0,NA,NA,"",1,0,3,3,NA,999,0,NA,0,0,0,NA,0,NA,NA,0,0,0,NA,0,NA,NA,1,1,6,6,6,6,NA,0,0,0,NA,0,NA,NA
2,"LC",80,"",0,NA,NA,NA,NA,NA,NA,NA,NA,NA,NA,NA,NA,NA,NA,NA,NA,NA,NA,NA,NA,NA,NA,NA,NA,NA,NA,NA,NA,NA,NA,NA,NA,NA,NA,NA,"",1,1,3,0,18.2,999,2,NA,0,0,0,NA,0,NA,NA,0,1,0.544,0.544,0.544,0.544,0.544,1,2,5.456,2.728,4.148,4.148,1.308,0,0,0,NA,0,NA,NA
2,"LC",81,"",1,1,3,0,28.2,5,8,8.67,0,2,6.842,3.421,6.8,6.8,6.8,0,3,2.312,0.771,1.054,0.578,0.578,1,4,10.846,2.712,3.808,1.19,3.383,0,0,0,NA,0,NA,NA,"",1,1,3,0,7.9,0,6,NA,1,4,4.402,1.101,2.465,0.204,2.465,0,1,0.034,0.034,0.034,0.034,0.034,0,1,0.323,0.323,0.323,0.323,0.323,0,1,1.24,1.24,1.24,1.24,1.24
2,"LC",82,"",1,1,3,0,21.6,1,7,2.807,0,3,11.209,3.736,6.63,0.95,0.95,0,3,2.618,0.873,1.105,1.105,1.105,1,2,6.173,3.086,3.366,2.807,3.366,0,0,0,NA,0,NA,NA,"",1,1,3,0,7.5,0,3,NA,1,2,4.521,2.26,2.447,2.074,2.447,0,1,0.799,0.799,0.799,0.799,0.799,0,1,0.68,0.68,0.68,0.68,0.68,0,0,0,NA,0,NA,NA
3,"HC",1,"starts on other",1,0,3,0,14.5,1,6,0.595,0,3,12.574,4.191,4.777,4.777,4.777,0,3,1.331,0.444,0.612,0.612,0.612,0,0,0,NA,0,NA,NA,0,0,0,NA,0,NA,NA,"",1,0,3,0,2.9,1,4,0.408,0,2,1.632,0.816,1.377,1.377,1.377,0,2,0.86,0.43,0.544,0.544,0.544,1,1,0.408,0.408,0.408,0.408,NA,0,0,0,NA,0,NA,NA
3,"HC",2,"",1,0,3,0,10.8,3,5,7.837,0,1,1.836,1.836,1.836,1.836,1.836,0,2,0.957,0.479,0.748,0.748,0.748,1,3,8.007,2.669,4.913,4.913,2.176,0,0,0,NA,0,NA,NA,"",1,0,3,0,3,1,2,1.503,0,1,1.411,1.411,1.411,1.411,1.411,0,1,0.086,0.086,0.086,0.086,0.086,1,1,1.503,1.503,1.503,1.503,NA,0,0,0,NA,0,NA,NA
3,"HC",3,"",1,1,3,0,26.1,NA,0,NA,0,0,0,NA,0,NA,NA,0,0,0,NA,0,NA,NA,1,1,20,20,20,20,NA,0,0,0,NA,0,NA,NA,"",1,1,3,0,10.9,1,1,3.767,0,1,2.233,2.233,2.233,2.233,2.233,0,0,0,NA,0,NA,NA,1,1,3.767,3.767,3.767,3.767,NA,0,0,0,NA,0,NA,NA
3,"HC",4,"",1,0,3,0,5.6,1,1,0.561,0,1,5.039,5.039,5.039,5.039,5.039,0,0,0,NA,0,NA,NA,1,1,0.561,0.561,0.561,0.561,NA,0,0,0,NA,0,NA,NA,"",1,0,3,0,3.4,0,4,NA,1,2,0.595,0.298,0.527,0.068,0.527,0,2,1.989,0.994,1.071,1.071,1.071,0,1,0.816,0.816,0.816,0.816,0.816,0,0,0,NA,0,NA,NA
3,"HC",5,"",1,0,3,0,10,1,2,6.698,0,1,3.264,3.264,3.264,3.264,3.264,0,1,0.038,0.038,0.038,0.038,0.038,1,1,6.698,6.698,6.698,6.698,NA,0,0,0,NA,0,NA,NA,"",1,0,3,0,3,1,1,0.969,0,1,2.031,2.031,2.031,2.031,2.031,0,0,0,NA,0,NA,NA,1,1,0.969,0.969,0.969,0.969,NA,0,0,0,NA,0,NA,NA
3,"HC",6,"",1,0,3,0,5.4,1,3,1.414,0,2,3.623,1.812,3.026,3.026,3.026,0,0,0,NA,0,NA,NA,1,1,1.414,1.414,1.414,1.414,NA,0,1,0.36,0.36,0.36,0.36,0.36,"",1,0,3,0,5.2,1,5,0.425,0,3,3.942,1.314,1.924,1.734,1.734,0,1,0.493,0.493,0.493,0.493,0.493,1,1,0.425,0.425,0.425,0.425,NA,0,1,0.34,0.34,0.34,0.34,0.34
3,"HC",7,"",1,1,3,0,27.9,NA,4,NA,0,0,0,NA,0,NA,NA,0,2,1.088,0.544,1.071,1.071,1.071,1,3,18.912,6.304,14.413,14.413,0.017,0,0,0,NA,0,NA,NA,"",1,1,3,0,18.4,2,3,3.247,0,1,2.703,2.703,2.703,2.703,2.703,0,2,0.475,0.238,0.425,0.425,0.425,1,1,2.822,2.822,2.822,2.822,NA,0,0,0,NA,0,NA,NA
3,"HC",8,"starts on other",1,0,3,0,9.7,1,4,1.69,0,2,1.7,0.85,1.156,1.156,1.156,0,0,0,NA,0,NA,NA,0,0,0,NA,0,NA,NA,0,2,6.31,3.15,4.51,1.8,1.8,"",1,0,3,3,NA,1,1,1.357,0,1,4.643,4.643,4.643,4.643,4.643,1,1,1.357,1.357,1.357,1.357,NA,0,0,0,NA,0,NA,NA,0,0,0,NA,0,NA,NA
3,"HC",9,"",1,0,3,0,4.9,1,3,0.748,0,2,3.642,1.821,3.587,3.587,3.587,0,1,0.51,0.51,0.51,0.51,0.51,1,1,0.748,0.748,0.748,0.748,NA,0,0,0,NA,0,NA,NA,"",1,0,3,0,1.8,1,2,0.476,0,1,1.105,1.105,1.105,1.105,1.105,0,1,0.219,0.219,0.219,0.219,0.219,1,1,0.476,0.476,0.476,0.476,NA,0,0,0,NA,0,NA,NA
3,"HC",10,"",1,0,3,0,15.1,1,3,10.273,0,2,4.494,2.247,3.455,3.455,3.455,1,2,10.606,5.303,10.273,10.273,0.333,0,0,0,NA,0,NA,NA,0,0,0,NA,0,NA,NA,"",1,0,3,0,1.7,1,1,0.238,0,1,1.462,1.462,1.462,1.462,1.462,1,1,0.238,0.238,0.238,0.238,NA,0,0,0,NA,0,NA,NA,0,0,0,NA,0,NA,NA
3,"HC",11,"",1,0,3,0,8.3,1,4,0.816,0,2,6.154,3.077,4.182,4.182,4.182,0,1,0.646,0.646,0.646,0.646,0.646,1,1,0.816,0.816,0.816,0.816,NA,0,1,0.68,0.68,0.68,0.68,0.68,"",1,0,3,0,2.2,1,1,0.697,0,1,1.503,1.503,1.503,1.503,1.503,0,0,0,NA,0,NA,NA,1,1,0.697,0.697,0.697,0.697,NA,0,0,0,NA,0,NA,NA
3,"HC",12,"",1,0,3,0,5.4,1,3,0.823,0,2,3.625,1.812,2.448,2.448,2.448,0,1,0.952,0.952,0.952,0.952,0.952,1,1,0.823,0.823,0.823,0.823,NA,0,0,0,NA,0,NA,NA,"",1,0,3,0,2.4,1,1,0.84,0,1,1.56,1.56,1.56,1.56,1.56,0,0,0,NA,0,NA,NA,1,1,0.84,0.84,0.84,0.84,NA,0,0,0,NA,0,NA,NA
3,"HC",13,"",1,1,3,0,22.5,5,7,15.861,0,2,3.561,1.781,2.448,2.448,2.448,0,3,1.87,0.623,0.782,0.782,0.782,1,3,14.569,4.856,9.01,4.199,9.01,0,0,0,NA,0,NA,NA,"",1,0,3,0,2.2,1,1,0.816,0,1,1.384,1.384,1.384,1.384,1.384,0,0,0,NA,0,NA,NA,1,1,0.816,0.816,0.816,0.816,NA,0,0,0,NA,0,NA,NA
3,"HC",14,"",1,0,3,0,8,1,1,0.493,0,1,7.507,7.507,7.507,7.507,7.507,1,1,0.493,0.493,0.493,0.493,NA,0,0,0,NA,0,NA,NA,0,0,0,NA,0,NA,NA,"",1,1,3,0,6.9,0,1,NA,1,1,2.023,2.023,2.023,2.023,NA,0,1,3.977,3.977,3.977,3.977,3.977,0,0,0,NA,0,NA,NA,0,0,0,NA,0,NA,NA
3,"HC",15,"",1,1,3,0,23.3,1,3,0.935,0,2,18.419,9.21,13.217,5.202,5.202,0,0,0,NA,0,NA,NA,1,1,0.935,0.935,0.935,0.935,NA,0,1,0.65,0.65,0.65,0.65,0.65,"",1,1,3,0,7.5,1,1,0.969,0,1,5.031,5.031,5.031,5.031,5.031,0,0,0,NA,0,NA,NA,1,1,0.969,0.969,0.969,0.969,NA,0,0,0,NA,0,NA,NA
3,"HC",16,"",1,0,3,0,15.1,1,1,13.651,0,1,1.449,1.449,1.449,1.449,1.449,0,0,0,NA,0,NA,NA,1,1,13.651,13.651,13.651,13.651,NA,0,0,0,NA,0,NA,NA,"",1,0,3,0,2.6,1,3,0.664,0,2,1.749,0.874,1.682,1.682,1.682,0,1,0.187,0.187,0.187,0.187,0.187,1,1,0.664,0.664,0.664,0.664,NA,0,0,0,NA,0,NA,NA
3,"HC",17,"kein ET",0,NA,NA,NA,NA,NA,NA,NA,NA,NA,NA,NA,NA,NA,NA,NA,NA,NA,NA,NA,NA,NA,NA,NA,NA,NA,NA,NA,NA,NA,NA,NA,NA,NA,NA,NA,"kein ET",0,NA,NA,NA,NA,NA,NA,NA,NA,NA,NA,NA,NA,NA,NA,NA,NA,NA,NA,NA,NA,NA,NA,NA,NA,NA,NA,NA,NA,NA,NA,NA,NA,NA,NA,NA
3,"HC",18,"",1,0,3,0,15.5,2,5,2.465,0,2,1.866,0.933,1.118,0.748,0.748,0,2,3.026,1.513,2.465,0.561,0.561,1,2,10.608,5.304,8.704,1.904,8.704,0,0,0,NA,0,NA,NA,"",1,0,3,0,2.6,1,2,0.612,0,1,1.836,1.836,1.836,1.836,1.836,0,1,0.152,0.152,0.152,0.152,0.152,1,1,0.612,0.612,0.612,0.612,NA,0,0,0,NA,0,NA,NA
3,"HC",19,"",1,0,3,0,5.8,0,0,NA,1,1,5.8,5.8,5.8,5.8,NA,0,0,0,NA,0,NA,NA,0,0,0,NA,0,NA,NA,0,0,0,NA,0,NA,NA,"",1,0,3,0,1.8,1,1,0.578,0,1,1.222,1.222,1.222,1.222,1.222,1,1,0.578,0.578,0.578,0.578,NA,0,0,0,NA,0,NA,NA,0,0,0,NA,0,NA,NA
3,"HC",20,"",1,0,3,0,9.8,4,4,9.284,0,1,0.516,0.516,0.516,0.516,0.516,0,2,6.528,3.264,4.607,1.921,1.921,1,2,2.756,1.378,1.428,1.328,1.428,0,0,0,NA,0,NA,NA,"",1,0,3,0,2.2,2,3,2.091,0,1,0.034,0.034,0.034,0.034,0.034,0,2,1.605,0.803,1.53,1.53,1.53,1,1,0.561,0.561,0.561,0.561,NA,0,0,0,NA,0,NA,NA
3,"HC",21,"",1,1,3,0,21,1,3,14.518,0,2,4.972,2.486,3.179,3.179,3.179,0,1,0.51,0.51,0.51,0.51,0.51,1,1,14.518,14.518,14.518,14.518,NA,0,0,0,NA,0,NA,NA,"",1,1,3,0,7.3,1,3,0.748,0,2,4.249,2.124,3.128,3.128,3.128,0,1,1.003,1.003,1.003,1.003,1.003,1,1,0.748,0.748,0.748,0.748,NA,0,0,0,NA,0,NA,NA
3,"LC",51,"",0,NA,NA,NA,NA,NA,NA,NA,NA,NA,NA,NA,NA,NA,NA,NA,NA,NA,NA,NA,NA,NA,NA,NA,NA,NA,NA,NA,NA,NA,NA,NA,NA,NA,NA,NA,"",0,NA,NA,NA,NA,NA,NA,NA,NA,NA,NA,NA,NA,NA,NA,NA,NA,NA,NA,NA,NA,NA,NA,NA,NA,NA,NA,NA,NA,NA,NA,NA,NA,NA,NA,NA
3,"LC",52,"",1,1,3,0,21.9,3,5,13.991,0,2,5.55,2.775,3.459,2.091,2.091,0,2,1.198,0.599,0.739,0.739,0.739,1,2,13.252,6.626,12.631,12.631,0.621,0,0,0,NA,0,NA,NA,"",1,1,3,0,7.3,1,3,0.68,0,2,4.572,2.286,3.467,1.105,1.105,0,1,0.748,0.748,0.748,0.748,0.748,1,1,0.68,0.68,0.68,0.68,NA,0,0,0,NA,0,NA,NA
3,"LC",53,"",1,1,3,0,35.4,NA,3,NA,0,0,0,NA,0,NA,NA,0,2,0.773,0.387,0.748,0.748,0.748,1,2,19.227,9.613,16.388,2.839,16.388,0,0,0,NA,0,NA,NA,"",1,1,3,0,11.2,1,3,0.119,0,2,4.827,2.414,3.74,3.74,3.74,1,2,1.173,0.586,1.054,0.119,1.054,0,0,0,NA,0,NA,NA,0,0,0,NA,0,NA,NA
3,"LC",54,"",1,1,3,0,25.5,1,8,0.51,0,4,15.079,3.77,8.721,8.721,8.721,1,1,0.51,0.51,0.51,0.51,NA,0,4,4.411,1.103,1.887,1.887,1.887,0,0,0,NA,0,NA,NA,"",1,0,3,0,4.6,1,1,2.434,0,1,2.166,2.166,2.166,2.166,2.166,0,0,0,NA,0,NA,NA,1,1,2.434,2.434,2.434,2.434,NA,0,0,0,NA,0,NA,NA
3,"HC",55,"",0,NA,NA,NA,NA,NA,NA,NA,NA,NA,NA,NA,NA,NA,NA,NA,NA,NA,NA,NA,NA,NA,NA,NA,NA,NA,NA,NA,NA,NA,NA,NA,NA,NA,NA,NA,NA,NA,NA,NA,NA,NA,NA,NA,NA,NA,NA,NA,NA,NA,NA,NA,NA,NA,NA,NA,NA,NA,NA,NA,NA,NA,NA,NA,NA,NA,NA,NA,NA,NA,NA,NA,NA
3,"HC",56,"",0,NA,NA,NA,NA,NA,NA,NA,NA,NA,NA,NA,NA,NA,NA,NA,NA,NA,NA,NA,NA,NA,NA,NA,NA,NA,NA,NA,NA,NA,NA,NA,NA,NA,NA,NA,NA,NA,NA,NA,NA,NA,NA,NA,NA,NA,NA,NA,NA,NA,NA,NA,NA,NA,NA,NA,NA,NA,NA,NA,NA,NA,NA,NA,NA,NA,NA,NA,NA,NA,NA,NA,NA
3,"LC",57,"",1,0,3,3,0,NA,2,NA,0,0,0,NA,0,NA,NA,0,1,0.612,0.612,0.612,0.612,0.612,1,2,19.388,9.694,12.308,12.308,7.08,0,0,0,NA,0,NA,NA,"",1,1,3,0,7.7,1,1,2.057,0,1,3.943,3.943,3.943,3.943,3.943,1,1,2.057,2.057,2.057,2.057,NA,0,0,0,NA,0,NA,NA,0,0,0,NA,0,NA,NA
3,"LC",58,"",1,1,3,0,26.5,NA,2,NA,0,0,0,NA,0,NA,NA,0,1,0.51,0.51,0.51,0.51,0.51,1,2,19.49,9.745,10.404,10.404,9.086,0,0,0,NA,0,NA,NA,"",1,1,3,0,9,1,1,4.114,0,1,1.886,1.886,1.886,1.886,1.886,0,0,0,NA,0,NA,NA,1,1,4.114,4.114,4.114,4.114,NA,0,0,0,NA,0,NA,NA
3,"LC",59,"",0,NA,NA,NA,NA,NA,NA,NA,NA,NA,NA,NA,NA,NA,NA,NA,NA,NA,NA,NA,NA,NA,NA,NA,NA,NA,NA,NA,NA,NA,NA,NA,NA,NA,NA,NA,"",0,NA,NA,NA,NA,NA,NA,NA,NA,NA,NA,NA,NA,NA,NA,NA,NA,NA,NA,NA,NA,NA,NA,NA,NA,NA,NA,NA,NA,NA,NA,NA,NA,NA,NA,NA
3,"LC",60,"",1,0,3,0,6.6,0,2,NA,1,2,5.92,2.96,3.094,3.094,2.826,0,0,0,NA,0,NA,NA,0,0,0,NA,0,NA,NA,0,1,0.68,0.68,0.68,0.68,0.68,"",1,1,3,0,7.1,1,1,2.431,0,1,3.569,3.569,3.569,3.569,3.569,1,1,2.431,2.431,2.431,2.431,NA,0,0,0,NA,0,NA,NA,0,0,0,NA,0,NA,NA
3,"LC",61,"",1,1,3,0,27.4,NA,2,NA,0,0,0,NA,0,NA,NA,0,1,0.51,0.51,0.51,0.51,0.51,1,2,19.49,9.745,9.987,9.503,9.987,0,0,0,NA,0,NA,NA,"",1,0,3,0,4.2,0,2,NA,1,2,3.265,1.632,3.213,3.213,0.052,0,0,0,NA,0,NA,NA,0,0,0,NA,0,NA,NA,0,1,0.94,0.94,0.94,0.94,0.94
3,"LC",62,"",1,1,3,0,27.2,NA,5,NA,0,0,0,NA,0,NA,NA,0,3,15.954,5.318,10.863,10.863,10.863,1,3,4.046,1.349,1.819,0.952,1.275,0,0,0,NA,0,NA,NA,"",1,1,3,0,9.6,NA,3,NA,0,0,0,NA,0,NA,NA,1,2,0.51,0.255,0.323,0.187,0.323,0,2,5.49,2.745,5.253,5.253,5.253,0,0,0,NA,0,NA,NA
3,"LC",63,"",1,1,3,0,25.4,NA,0,NA,0,0,0,NA,0,NA,NA,0,0,0,NA,0,NA,NA,1,1,20,20,20,20,NA,0,0,0,NA,0,NA,NA,"",1,1,3,0,14,NA,0,NA,0,0,0,NA,0,NA,NA,0,0,0,NA,0,NA,NA,1,1,6,6,6,6,NA,0,0,0,NA,0,NA,NA
3,"LC",64,"",1,1,3,0,27.2,NA,0,NA,0,0,0,NA,0,NA,NA,0,0,0,NA,0,NA,NA,1,1,20,20,20,20,NA,0,0,0,NA,0,NA,NA,"",1,1,3,0,7.6,1,1,2.227,0,1,3.773,3.773,3.773,3.773,3.773,0,0,0,NA,0,NA,NA,1,1,2.227,2.227,2.227,2.227,NA,0,0,0,NA,0,NA,NA
3,"LC",65,"",1,1,3,0,26.3,3,4,17.952,0,1,0.663,0.663,0.663,0.663,0.663,0,2,3.7,1.85,2.315,2.315,2.315,1,2,15.637,7.819,15.467,0.17,15.467,0,0,0,NA,0,NA,NA,"",1,1,3,0,14.3,NA,0,NA,0,0,0,NA,0,NA,NA,0,0,0,NA,0,NA,NA,1,1,6,6,6,6,NA,0,0,0,NA,0,NA,NA
3,"LC",66,"",1,1,3,0,22,3,5,12.852,0,2,5.244,2.622,3.867,1.377,1.377,0,2,3.281,1.64,1.904,1.377,1.377,1,2,11.475,5.738,9.248,9.248,2.227,0,0,0,NA,0,NA,NA,"",1,1,3,0,6.9,NA,0,3.553,0,0,0,NA,0,NA,NA,0,0,0,NA,0,NA,NA,1,1,6,6,6,6,NA,0,0,0,NA,0,NA,NA
3,"LC",67,"",1,1,3,0,21.7,2,6,4.046,0,3,14.254,4.751,11.118,11.118,11.118,0,3,2.669,0.89,1.207,0.969,0.969,1,1,3.077,3.077,3.077,3.077,NA,0,0,0,NA,0,NA,NA,"",1,1,3,0,11.5,NA,0,NA,0,0,0,NA,0,NA,NA,0,0,0,NA,0,NA,NA,1,1,6,6,6,6,NA,0,0,0,NA,0,NA,NA
3,"LC",68,"",0,NA,NA,NA,NA,NA,NA,NA,NA,NA,NA,NA,NA,NA,NA,NA,NA,NA,NA,NA,NA,NA,NA,NA,NA,NA,NA,NA,NA,NA,NA,NA,NA,NA,NA,NA,"",0,NA,NA,NA,NA,NA,NA,NA,NA,NA,NA,NA,NA,NA,NA,NA,NA,NA,NA,NA,NA,NA,NA,NA,NA,NA,NA,NA,NA,NA,NA,NA,NA,NA,NA,NA
3,"LC",69,"",1,0,3,0,14.5,3,3,11.305,0,1,3.195,3.195,3.195,3.195,3.195,0,1,3.094,3.094,3.094,3.094,3.094,1,2,8.211,4.106,7.055,1.156,7.055,0,0,0,NA,0,NA,NA,"",1,1,3,0,6.7,2,3,2.108,0,1,3.689,3.689,3.689,3.689,3.689,1,1,0.935,0.935,0.935,0.935,NA,0,1,1.173,1.173,1.173,1.173,1.173,0,1,0.2,0.2,0.2,0.2,0.2
3,"LC",70,"",1,1,3,0,24.2,NA,0,NA,0,0,0,NA,0,NA,NA,0,0,0,NA,0,NA,NA,1,1,20,20,20,20,NA,0,0,0,NA,0,NA,NA,"",1,1,3,0,12,NA,0,NA,0,0,0,NA,0,NA,NA,0,0,0,NA,0,NA,NA,1,1,6,6,6,6,NA,0,0,0,NA,0,NA,NA
3,"LC",71,"",1,0,3,0,12.8,1,3,8.126,0,2,3.824,1.912,2.278,2.278,2.278,0,0,0,NA,0,NA,NA,1,1,8.126,8.126,8.126,8.126,NA,0,1,0.85,0.85,0.85,0.85,0.85,"",1,0,3,0,2.7,1,5,0.547,0,3,1.598,0.533,0.938,0.938,0.938,0,0,0,NA,0,NA,NA,1,1,0.547,0.547,0.547,0.547,NA,0,2,0.56,0.28,0.37,0.18,0.18
